{
  "sequence_length": 47,
  "hidden_size": 240,
  "num_layers": 4,
  "dropout": 0.20980685566742854,
  "batch_size": 23,
  "learning_rate": 0.005086689235090195,
  "num_epochs": 89,
  "patience": 30,
  "loss_alpha": 0.5021305847895217,
  "loss_beta": 0.17390308072542232,
  "warmup_steps": 382,
  "lr_factor": 0.49,
  "lr_patience": 8,
  "min_lr": 1e-07,
  "loss_gamma": 0.07,
  "loss_delta": 0.07
}