{
  "sequence_length": 50,
  "hidden_size": 208,
  "num_layers": 5,
  "dropout": 0.3866896138540136,
  "batch_size": 54,
  "learning_rate": 0.006536264082965742,
  "num_epochs": 194,
  "patience": 15,
  "loss_alpha": 0.5849879489679997,
  "loss_beta": 0.24065171909226438,
  "warmup_steps": 382,
  "lr_factor": 0.49,
  "lr_patience": 8,
  "min_lr": 1e-07,
  "loss_gamma": 0.07,
  "loss_delta": 0.07
}