{
  "sequence_length": 45,
  "hidden_size": 168,
  "num_layers": 4,
  "dropout": 0.29241750640579395,
  "batch_size": 42,
  "learning_rate": 0.004882985168855171,
  "num_epochs": 142,
  "patience": 26,
  "loss_alpha": 0.5105750186081621,
  "loss_beta": 0.2667823347746409,
  "warmup_steps": 382,
  "lr_factor": 0.49,
  "lr_patience": 8,
  "min_lr": 1e-07,
  "loss_gamma": 0.07,
  "loss_delta": 0.07
}