{
  "sequence_length": 47,
  "hidden_size": 248,
  "num_layers": 5,
  "dropout": 0.340577119444294,
  "batch_size": 21,
  "learning_rate": 0.004681594202184769,
  "num_epochs": 135,
  "patience": 28,
  "loss_alpha": 0.5346171105214007,
  "loss_beta": 0.2892920563287859,
  "warmup_steps": 382,
  "lr_factor": 0.49,
  "lr_patience": 8,
  "min_lr": 1e-07,
  "loss_gamma": 0.07,
  "loss_delta": 0.07
}