{
  "sequence_length": 47,
  "hidden_size": 248,
  "num_layers": 2,
  "dropout": 0.4486599368418873,
  "batch_size": 32,
  "learning_rate": 0.007376153012167682,
  "num_epochs": 169,
  "patience": 22,
  "loss_alpha": 0.5137470705495304,
  "loss_beta": 0.13448096007145277,
  "warmup_steps": 382,
  "lr_factor": 0.49,
  "lr_patience": 8,
  "min_lr": 1e-07,
  "loss_gamma": 0.07,
  "loss_delta": 0.07
}