{
  "sequence_length": 42,
  "hidden_size": 240,
  "num_layers": 2,
  "dropout": 0.43166892715258176,
  "batch_size": 26,
  "learning_rate": 0.007822116502069215,
  "num_epochs": 118,
  "patience": 26,
  "loss_alpha": 0.5280051179522985,
  "loss_beta": 0.24664817380478388,
  "warmup_steps": 382,
  "lr_factor": 0.49,
  "lr_patience": 8,
  "min_lr": 1e-07,
  "loss_gamma": 0.07,
  "loss_delta": 0.07
}