{
  "sequence_length": 47,
  "hidden_size": 240,
  "num_layers": 5,
  "dropout": 0.21137344050786167,
  "batch_size": 16,
  "learning_rate": 0.004347749266125546,
  "num_epochs": 104,
  "patience": 17,
  "loss_alpha": 0.5203252460411114,
  "loss_beta": 0.2861296637760787,
  "warmup_steps": 382,
  "lr_factor": 0.49,
  "lr_patience": 8,
  "min_lr": 1e-07,
  "loss_gamma": 0.07,
  "loss_delta": 0.07
}