{
  "sequence_length": 47,
  "hidden_size": 240,
  "num_layers": 6,
  "dropout": 0.4740793844445944,
  "batch_size": 57,
  "learning_rate": 0.007743412775434735,
  "num_epochs": 121,
  "patience": 16,
  "loss_alpha": 0.5301857975772445,
  "loss_beta": 0.13100407144354856,
  "warmup_steps": 382,
  "lr_factor": 0.49,
  "lr_patience": 8,
  "min_lr": 1e-07,
  "loss_gamma": 0.07,
  "loss_delta": 0.07
}