{
  "sequence_length": 47,
  "hidden_size": 152,
  "num_layers": 5,
  "dropout": 0.35266983077591946,
  "batch_size": 52,
  "learning_rate": 0.005262779049970942,
  "num_epochs": 107,
  "patience": 18,
  "loss_alpha": 0.5398147219891604,
  "loss_beta": 0.23004119057932568,
  "warmup_steps": 382,
  "lr_factor": 0.49,
  "lr_patience": 8,
  "min_lr": 1e-07,
  "loss_gamma": 0.07,
  "loss_delta": 0.07
}