{
  "sequence_length": 50,
  "hidden_size": 200,
  "num_layers": 5,
  "dropout": 0.38447363887135655,
  "batch_size": 53,
  "learning_rate": 0.006407995827569821,
  "num_epochs": 180,
  "patience": 18,
  "loss_alpha": 0.5587454929936831,
  "loss_beta": 0.2154964198958037,
  "warmup_steps": 382,
  "lr_factor": 0.49,
  "lr_patience": 8,
  "min_lr": 1e-07,
  "loss_gamma": 0.07,
  "loss_delta": 0.07
}