{
  "sequence_length": 47,
  "hidden_size": 176,
  "num_layers": 6,
  "dropout": 0.4736720175673242,
  "batch_size": 17,
  "learning_rate": 0.0066149013637881665,
  "num_epochs": 57,
  "patience": 11,
  "loss_alpha": 0.5369719390348062,
  "loss_beta": 0.17231240753071086,
  "warmup_steps": 382,
  "lr_factor": 0.49,
  "lr_patience": 8,
  "min_lr": 1e-07,
  "loss_gamma": 0.07,
  "loss_delta": 0.07
}