{
  "sequence_length": 47,
  "hidden_size": 192,
  "num_layers": 5,
  "dropout": 0.3652042366654503,
  "batch_size": 49,
  "learning_rate": 0.007463577154742396,
  "num_epochs": 138,
  "patience": 17,
  "loss_alpha": 0.5007684811409354,
  "loss_beta": 0.18120365237631106,
  "warmup_steps": 382,
  "lr_factor": 0.49,
  "lr_patience": 8,
  "min_lr": 1e-07,
  "loss_gamma": 0.07,
  "loss_delta": 0.07
}