{
  "sequence_length": 50,
  "hidden_size": 128,
  "num_layers": 6,
  "dropout": 0.377470783569835,
  "batch_size": 44,
  "learning_rate": 0.00990903729421997,
  "num_epochs": 134,
  "patience": 28,
  "loss_alpha": 0.5237107094707076,
  "loss_beta": 0.14434224299600448,
  "warmup_steps": 382,
  "lr_factor": 0.49,
  "lr_patience": 8,
  "min_lr": 1e-07,
  "loss_gamma": 0.07,
  "loss_delta": 0.07
}