{
  "sequence_length": 50,
  "hidden_size": 208,
  "num_layers": 4,
  "dropout": 0.1285285953411422,
  "batch_size": 32,
  "learning_rate": 0.009977431532711759,
  "num_epochs": 159,
  "patience": 21,
  "loss_alpha": 0.538866324655101,
  "loss_beta": 0.269736648826172,
  "warmup_steps": 382,
  "lr_factor": 0.49,
  "lr_patience": 8,
  "min_lr": 1e-07,
  "loss_gamma": 0.07,
  "loss_delta": 0.07
}