{
  "sequence_length": 47,
  "hidden_size": 160,
  "num_layers": 4,
  "dropout": 0.2649628283968671,
  "batch_size": 44,
  "learning_rate": 0.007978689069795547,
  "num_epochs": 194,
  "patience": 25,
  "loss_alpha": 0.5999989529765215,
  "loss_beta": 0.24912710690892476,
  "warmup_steps": 382,
  "lr_factor": 0.49,
  "lr_patience": 8,
  "min_lr": 1e-07,
  "loss_gamma": 0.07,
  "loss_delta": 0.07
}