{
  "sequence_length": 44,
  "hidden_size": 248,
  "num_layers": 6,
  "dropout": 0.20980685566742854,
  "batch_size": 46,
  "learning_rate": 0.005676776369992219,
  "num_epochs": 148,
  "patience": 14,
  "loss_alpha": 0.5026143926807299,
  "loss_beta": 0.2641217528476444,
  "warmup_steps": 382,
  "lr_factor": 0.49,
  "lr_patience": 8,
  "min_lr": 1e-07,
  "loss_gamma": 0.07,
  "loss_delta": 0.07
}