{
  "sequence_length": 50,
  "hidden_size": 144,
  "num_layers": 3,
  "dropout": 0.4153417414564145,
  "batch_size": 57,
  "learning_rate": 0.005453690614337371,
  "num_epochs": 81,
  "patience": 22,
  "loss_alpha": 0.5220953057112322,
  "loss_beta": 0.17351923676125788,
  "warmup_steps": 382,
  "lr_factor": 0.49,
  "lr_patience": 8,
  "min_lr": 1e-07,
  "loss_gamma": 0.07,
  "loss_delta": 0.07
}