{
  "sequence_length": 46,
  "hidden_size": 224,
  "num_layers": 4,
  "dropout": 0.35694482245579817,
  "batch_size": 16,
  "learning_rate": 0.005626726050263466,
  "num_epochs": 50,
  "patience": 17,
  "loss_alpha": 0.5017603669880294,
  "loss_beta": 0.21726048507060444,
  "warmup_steps": 382,
  "lr_factor": 0.49,
  "lr_patience": 8,
  "min_lr": 1e-07,
  "loss_gamma": 0.07,
  "loss_delta": 0.07
}