{
  "sequence_length": 48,
  "hidden_size": 240,
  "num_layers": 6,
  "dropout": 0.2383404118554796,
  "batch_size": 19,
  "learning_rate": 0.005405712310271723,
  "num_epochs": 136,
  "patience": 21,
  "loss_alpha": 0.5192935757542044,
  "loss_beta": 0.29316991756027827,
  "warmup_steps": 382,
  "lr_factor": 0.49,
  "lr_patience": 8,
  "min_lr": 1e-07,
  "loss_gamma": 0.07,
  "loss_delta": 0.07
}