{
  "sequence_length": 50,
  "hidden_size": 248,
  "num_layers": 5,
  "dropout": 0.22995713462452863,
  "batch_size": 28,
  "learning_rate": 0.007857613387419993,
  "num_epochs": 88,
  "patience": 16,
  "loss_alpha": 0.5150237496586099,
  "loss_beta": 0.12899059943225533,
  "warmup_steps": 382,
  "lr_factor": 0.49,
  "lr_patience": 8,
  "min_lr": 1e-07,
  "loss_gamma": 0.07,
  "loss_delta": 0.07
}