{
  "sequence_length": 50,
  "hidden_size": 232,
  "num_layers": 3,
  "dropout": 0.40541867981256496,
  "batch_size": 25,
  "learning_rate": 0.0015113575982655108,
  "num_epochs": 90,
  "patience": 20,
  "loss_alpha": 0.5021415065692456,
  "loss_beta": 0.1391696228931423,
  "warmup_steps": 382,
  "lr_factor": 0.49,
  "lr_patience": 8,
  "min_lr": 1e-07,
  "loss_gamma": 0.07,
  "loss_delta": 0.07
}