{
  "sequence_length": 47,
  "hidden_size": 120,
  "num_layers": 5,
  "dropout": 0.1558426667821215,
  "batch_size": 36,
  "learning_rate": 0.007160008941452612,
  "num_epochs": 152,
  "patience": 22,
  "loss_alpha": 0.5030998399405783,
  "loss_beta": 0.25634475963514997,
  "warmup_steps": 382,
  "lr_factor": 0.49,
  "lr_patience": 8,
  "min_lr": 1e-07,
  "loss_gamma": 0.07,
  "loss_delta": 0.07
}