{
  "sequence_length": 48,
  "hidden_size": 232,
  "num_layers": 6,
  "dropout": 0.44331284834680207,
  "batch_size": 36,
  "learning_rate": 0.008393183458596867,
  "num_epochs": 138,
  "patience": 19,
  "loss_alpha": 0.5650795931596149,
  "loss_beta": 0.15405518736782625,
  "warmup_steps": 382,
  "lr_factor": 0.49,
  "lr_patience": 8,
  "min_lr": 1e-07,
  "loss_gamma": 0.07,
  "loss_delta": 0.07
}