{
  "sequence_length": 50,
  "hidden_size": 184,
  "num_layers": 3,
  "dropout": 0.16313985093377315,
  "batch_size": 22,
  "learning_rate": 0.0067058267397673505,
  "num_epochs": 87,
  "patience": 25,
  "loss_alpha": 0.518395355552866,
  "loss_beta": 0.24529107714806514,
  "warmup_steps": 382,
  "lr_factor": 0.49,
  "lr_patience": 8,
  "min_lr": 1e-07,
  "loss_gamma": 0.07,
  "loss_delta": 0.07
}