{
  "sequence_length": 50,
  "hidden_size": 208,
  "num_layers": 5,
  "dropout": 0.3862570177235482,
  "batch_size": 53,
  "learning_rate": 0.008306605196880593,
  "num_epochs": 199,
  "patience": 15,
  "loss_alpha": 0.5892213671584271,
  "loss_beta": 0.24187324776009309,
  "warmup_steps": 382,
  "lr_factor": 0.49,
  "lr_patience": 8,
  "min_lr": 1e-07,
  "loss_gamma": 0.07,
  "loss_delta": 0.07
}
