{
  "sequence_length": 50,
  "hidden_size": 208,
  "num_layers": 5,
  "dropout": 0.4634560659571771,
  "batch_size": 23,
  "learning_rate": 0.005998179498474535,
  "num_epochs": 184,
  "patience": 21,
  "loss_alpha": 0.5225693541331038,
  "loss_beta": 0.12974403026911488,
  "warmup_steps": 382,
  "lr_factor": 0.49,
  "lr_patience": 8,
  "min_lr": 1e-07,
  "loss_gamma": 0.07,
  "loss_delta": 0.07
}