{
  "sequence_length": 50,
  "hidden_size": 208,
  "num_layers": 6,
  "dropout": 0.48980932565856594,
  "batch_size": 53,
  "learning_rate": 0.006407995827569821,
  "num_epochs": 121,
  "patience": 14,
  "loss_alpha": 0.5348187736496135,
  "loss_beta": 0.17008127770960896,
  "warmup_steps": 382,
  "lr_factor": 0.49,
  "lr_patience": 8,
  "min_lr": 1e-07,
  "loss_gamma": 0.07,
  "loss_delta": 0.07
}